{
    "trades": [
        {
            "tradeId": "63521",
            "tradeDate": "2017-04-15",
            "side": "buy",
            "commodity": "AL",
            "qty": 7,
            "price": 2315,
            "location": "BA" ,
            "counterparty": "Delloite"
        },
        {
            "tradeId": "63522",
            "tradeDate": "2017-07-15",
            "side": "buy",
            "commodity": "PL",
            "qty": 30,
            "price": 3424,
            "location": "LA",
            "counterparty": "Expedia"
        },
        {
            "tradeId": "63523",
            "tradeDate": "2017-08-15",
            "side": "buy",
            "commodity": "SL",
            "qty": 55,
            "price": 1248,
            "location": "NYC",
            "counterparty": "Expedia"
        },
        {
            "tradeId": "63524",
            "tradeDate": "2014-04-15",
            "side": "sell",
            "commodity": "AL",
            "qty": 42,
            "price": 1232,
            "location": "BA",
            "counterparty": "Expedia"
        },
        {
            "tradeId": "63525",
            "tradeDate": "2015-08-15",
            "side": "sell",
            "commodity": "AL",
            "qty": 21,
            "price": 2254,
            "location": "LON",
            "counterparty": "Expedia"
        }
    ]
}